state,timestamp,leading_candidate_name,trailing_candidate_name,leading_candidate_votes,trailing_candidate_votes,vote_differential,votes_remaining,new_votes,leading_candidate_partition,trailing_candidate_partition,precincts_reporting,precincts_total,hurdle,hurdle_change,hurdle_mov_avg
Alaska (EV: 3),2020-11-04 18:40:57.265000,Trump,Biden,108231,56849,51382,193975,39556,0.7040272019415512,0.2959727980584488,360,441,0.6122421485388717,0.05837106948051096,0.29598543836586105
Alaska (EV: 3),2020-11-04 13:28:22.084000,Trump,Biden,80999,45758,35241,233531,0,0,0,201,441,0.5538710790583607,0.5538710790583607,
Arizona (EV: 11),2020-11-06 05:33:02.003000,Biden,Trump,1532062,1485010,47052,309034,5713,0.5336950813933135,0.4663049186066865,1423,1489,0.5690408405849614,0.0019752270197038735,0.5408333333333334
Arizona (EV: 11),2020-11-06 03:37:12.105000,Biden,Trump,1529109,1482442,46667,314747,1180,0.673728813559322,0.326271186440678,1417,1489,0.5670656135652575,0.0009268721729074336,0.5606333333333333
Arizona (EV: 11),2020-11-06 02:07:55.159000,Biden,Trump,1528319,1482062,46257,315927,75314,0.4297872905435909,0.5702127094564091,1415,1489,0.5661387413923501,0.0005308131102572666,0.5702127094564091
Arizona (EV: 11),2020-11-06 01:44:07.375000,Biden,Trump,1496619,1439786,56833,391241,0,0,0,1386,1489,0.5656079282820928,-0.002929625971647476,0.5168666666666667
Arizona (EV: 11),2020-11-06 01:33:55.993000,Biden,Trump,1496619,1439786,56833,376072,1957,0.2416964741951967,0.7583035258048033,1386,1489,0.5685375542537403,-0.0009400669118118099,0.5168666666666667
Arizona (EV: 11),2020-11-06 01:15:19.823000,Biden,Trump,1496142,1438298,57844,378029,2485,0.7609657947686117,0.23903420523138832,1383,1489,0.5694776211655521,0.00220575474110829,0.5016666666666667
Arizona (EV: 11),2020-11-06 01:04:29.192000,Biden,Trump,1494263,1437716,56547,380514,28344,0.47461543889359303,0.525384561106407,1380,1489,0.5672718664244438,0.003320607619939686,0.5284333333333333
Arizona (EV: 11),2020-11-06 00:55:18.438000,Biden,Trump,1481218,1423232,57986,408858,5990,0.41928213689482474,0.5807178631051753,1366,1489,0.5639512588045041,-0.00013199278499320677,0.6622
Arizona (EV: 11),2020-11-06 00:46:52.571000,Biden,Trump,1478720,1419767,58953,414848,5169,0.2749081060166376,0.7250918939833624,1362,1489,0.5640832515894973,-0.0019164711477721585,0.6608333333333334
Arizona (EV: 11),2020-11-06 00:35:53.742000,Biden,Trump,1477396,1416116,61280,420017,7456,0.2385327253218884,0.7614672746781116,1361,1489,0.5659997227372695,-0.0032917853135278063,0.6370333333333333
Arizona (EV: 11),2020-11-05 23:07:42.238000,Biden,Trump,1475680,1410501,65179,427473,12227,0.3884845015130449,0.6115154984869551,1359,1489,0.5692915080507973,-0.00098410666895965,0.5936333333333333
Arizona (EV: 11),2020-11-05 22:27:06.099000,Biden,Trump,1471024,1403118,67906,439700,0,0,0,1352,1489,0.570275614719757,0.0017171126997510555,0.5836333333333333
Arizona (EV: 11),2020-11-05 20:55:45.764000,Biden,Trump,1471024,1403118,67906,449700,1185,0.4059071729957806,0.5940928270042194,1352,1489,0.5685585020200059,-5.187230635739226e-05,0.5836333333333333
Arizona (EV: 11),2020-11-05 19:53:24.061000,Biden,Trump,1470560,1402431,68129,450885,184,0.20108695652173914,0.7989130434782609,1352,1489,0.5686103743263633,-9.136228956752035e-05,0.5833333333333334
Arizona (EV: 11),2020-11-05 19:49:33.652000,Biden,Trump,1470525,1402286,68239,451069,632,0.23417721518987344,0.7658227848101266,1351,1489,0.5687017366159308,-0.00026630417581574584,0.5820333333333333
Arizona (EV: 11),2020-11-05 19:21:26.906000,Biden,Trump,1470382,1401807,68575,451701,1936,0.5477789256198347,0.4522210743801653,1350,1489,0.5689680407917466,0.0005257764958891409,0.5782666666666667
Arizona (EV: 11),2020-11-05 07:45:16.653000,Biden,Trump,1469341,1400951,68390,453637,0,0,0,1349,1489,0.5684422642958574,0.0,0.5869666666666666
Arizona (EV: 11),2020-11-05 07:43:01.704000,Biden,Trump,1469341,1400951,68390,453637,62002,0.4130431276410438,0.5869568723589562,1325,1489,0.5684422642958574,-0.0014101121720346832,0.5869488081029645
Arizona (EV: 11),2020-11-05 02:53:07.128000,Biden,Trump,1444213,1365040,79173,515639,0,0,0,1325,1489,0.5698523764678921,0.0009557153729831125,0.5903
Arizona (EV: 11),2020-11-05 02:19:13.643000,Biden,Trump,1444213,1365040,79173,522139,0,0,0,1325,1489,0.568896661094909,-0.0046216222453377975,0.5903
Arizona (EV: 11),2020-11-05 02:03:34.937000,Biden,Trump,1444213,1365040,79173,492139,75537,0.4096866436315978,0.5903133563684022,1325,1489,0.5735182833402468,-0.0013508191226790922,0.5903067370957279
Arizona (EV: 11),2020-11-05 00:44:49.776000,Biden,Trump,1413891,1321074,92817,567676,5614,0.4822764517278233,0.5177235482721767,1296,1489,0.5748691024629259,0.0006223554249754626,0.6253333333333333
Arizona (EV: 11),2020-11-04 23:49:45.306000,Biden,Trump,1411235,1318219,93016,573290,0,0,0,1294,1489,0.5742467470379504,0.03635182095530931,0.6494333333333333
Arizona (EV: 11),2020-11-04 23:41:34.119000,Biden,Trump,1411235,1318219,93016,1038753,0,0,0,1294,1489,0.5378949260826411,-0.04393726982198587,0.6494333333333333
Arizona (EV: 11),2020-11-04 23:16:40.259000,Biden,Trump,1411235,1318219,93016,524269,0,0,0,1294,1489,0.581832195904627,-0.03064515038202653,0.6494333333333333
Arizona (EV: 11),2020-11-04 20:28:27.938000,Biden,Trump,1411235,1318219,93016,389660,785,0.18025477707006365,0.8197452229299363,1294,1489,0.6124773462866535,-0.0003982269219543477,0.6494333333333333
Arizona (EV: 11),2020-11-04 19:44:32.496000,Biden,Trump,1411086,1317568,93518,390445,66,0.5,0.5,1294,1489,0.6128755732086079,8.47676117932128e-06,0.6448666666666667
Arizona (EV: 11),2020-11-04 18:56:14.325000,Biden,Trump,1411086,1317568,93518,390511,210,0.5214285714285714,0.4785714285714286,1294,1489,0.6128670964474285,7.621332137675019e-05,0.6452
Arizona (EV: 11),2020-11-04 15:28:06.719000,Biden,Trump,1410977,1317468,93509,390721,0,0,0,1294,1489,0.6127908831260518,0.0017770809148864863,0.6464
Arizona (EV: 11),2020-11-04 14:47:51.946000,Biden,Trump,1410977,1317468,93509,396611,126904,0.3536058753073189,0.6463941246926811,1294,1489,0.6110138022111653,-0.00700023422107976,0.6463941246926811
Arizona (EV: 11),2020-11-04 13:28:22.084000,Biden,Trump,1367211,1236546,130665,523515,0,0,0,1243,1489,0.6180140364322451,0.6180140364322451,
Georgia (EV: 16),2020-11-06 13:15:23.381000,Biden,Trump,2449582,2448485,1097,5267,1,1.0,0.0,2643,2655,0.5978682589324789,0.00011488376540980116,0.31266666666666665
Georgia (EV: 16),2020-11-06 11:10:54.912000,Biden,Trump,2449580,2448484,1096,5268,241,0.8713692946058091,0.12863070539419086,2643,2655,0.5977533751670691,0.020796954731128747,0.31266666666666665
Georgia (EV: 16),2020-11-06 09:50:07.414000,Biden,Trump,2449371,2448454,917,5509,1843,0.87438958220293,0.12561041779707,2643,2655,0.5769564204359403,0.05173983049947617,0.3136
Georgia (EV: 16),2020-11-06 08:40:27.031000,Trump,Biden,2448232,2447769,463,7352,306,0.16993464052287577,0.8300653594771242,2643,2655,0.5252165899364641,-0.01193083472271983,0.6793
Georgia (EV: 16),2020-11-06 07:41:51.768000,Trump,Biden,2448183,2447518,665,7658,816,0.13112745098039214,0.8688725490196079,2643,2655,0.537147424659184,-0.031339412716599124,0.6785666666666667
Georgia (EV: 16),2020-11-06 06:41:37.569000,Trump,Biden,2448081,2446814,1267,8474,541,0.09149722735674681,0.9085027726432532,2643,2655,0.5684868373757831,-0.020028808597330916,0.6755333333333333
Georgia (EV: 16),2020-11-06 05:41:02.832000,Trump,Biden,2448037,2446328,1709,9015,144,0.16666666666666663,0.8333333333333334,2643,2655,0.588515645973114,-0.003750914274824879,0.6728
Georgia (EV: 16),2020-11-06 04:10:39.999000,Trump,Biden,2448016,2446211,1805,9159,1375,0.510909090909091,0.4890909090909091,2643,2655,0.5922665602479389,0.014281747855873439,0.6724333333333333
Georgia (EV: 16),2020-11-06 03:29:41.124000,Trump,Biden,2447343,2445568,1775,10534,34,0.17647058823529416,0.8235294117647058,2643,2655,0.5779848123920655,-0.0007697777928525884,0.6832
Georgia (EV: 16),2020-11-06 03:06:46.463000,Trump,Biden,2447337,2445540,1797,10568,337,0.34421364985163205,0.655786350148368,2643,2655,0.578754590184918,-0.0021868627778380834,0.6828666666666666
Georgia (EV: 16),2020-11-06 02:33:32.159000,Trump,Biden,2447223,2445321,1902,10905,1031,0.21144519883608148,0.7885548011639185,2643,2655,0.5809414529627561,-0.017392542471610928,0.6812333333333334
Georgia (EV: 16),2020-11-06 02:00:51.644000,Trump,Biden,2447015,2444518,2497,11936,1337,0.13014210919970082,0.8698578908002992,2643,2655,0.598333995434367,-0.026719814433683986,0.6716333333333333
Georgia (EV: 16),2020-11-06 01:44:07.375000,Trump,Biden,2446850,2443364,3486,13273,0,0,0,2643,2655,0.625053809868051,0.01880227414500224,0.6556
Georgia (EV: 16),2020-11-06 01:35:23.404000,Trump,Biden,2446850,2443364,3486,15491,0,0,0,2643,2655,0.6062515357230488,-7.263844113869489e-06,0.6556
Georgia (EV: 16),2020-11-06 01:33:55.993000,Trump,Biden,2446850,2443364,3486,15490,0,0,0,2643,2655,0.6062587995671627,0.029941057456790543,0.6556
Georgia (EV: 16),2020-11-06 01:27:54.594000,Trump,Biden,2446850,2443364,3486,21106,0,0,0,2643,2655,0.5763177421103721,-7.440982038686705e-05,0.6556
Georgia (EV: 16),2020-11-06 01:26:47.382000,Trump,Biden,2446850,2443364,3486,21087,0,0,0,2643,2655,0.576392151930759,-0.0117525782157053,0.6556
Georgia (EV: 16),2020-11-06 01:26:00.010000,Trump,Biden,2446850,2443364,3486,18462,0,0,0,2643,2655,0.5881447301464643,0.018150076743356114,0.6556
Georgia (EV: 16),2020-11-06 00:35:53.742000,Trump,Biden,2446850,2443364,3486,22856,2831,0.4736842105263158,0.5263157894736842,2643,2655,0.5699946534031082,0.005501950278109846,0.6556
Georgia (EV: 16),2020-11-06 00:01:17.420000,Trump,Biden,2445539,2441904,3635,25687,17356,0.33317008527310443,0.6668299147268956,2643,2655,0.5644927031249983,-0.03875164566706513,0.6707666666666666
Georgia (EV: 16),2020-11-05 23:07:42.238000,Trump,Biden,2439925,2430499,9426,43043,342,0.3421052631578947,0.6578947368421053,2643,2655,0.6032443487920635,-0.00038129877884440777,0.6876
Georgia (EV: 16),2020-11-05 22:45:37.954000,Trump,Biden,2439809,2430275,9534,43385,19,0.4736842105263158,0.5263157894736842,2643,2655,0.6036256475709079,3.660267059646394e-05,0.6888
Georgia (EV: 16),2020-11-05 22:21:28.212000,Trump,Biden,2439800,2430265,9535,43404,241,0.5207468879668049,0.47925311203319504,2643,2655,0.6035890449003114,0.0007206741385714643,0.6889333333333333
Georgia (EV: 16),2020-11-05 22:01:29.797000,Trump,Biden,2439678,2430153,9525,43645,6305,0.24242664551942905,0.757573354480571,2643,2655,0.6028683707617399,-0.018745344754808713,0.6912
Georgia (EV: 16),2020-11-05 21:53:18.781000,Trump,Biden,2438221,2425448,12773,49950,5,0.7,0.3,2643,2655,0.6216137155165486,3.3126216537615605e-05,0.6937333333333333
Georgia (EV: 16),2020-11-05 21:37:23.788000,Trump,Biden,2438216,2425445,12771,49955,6,1.0,0.0,2643,2655,0.621580589300011,7.540542260142669e-05,0.6937666666666666
Georgia (EV: 16),2020-11-05 21:13:32.296000,Trump,Biden,2438210,2425445,12765,49961,8,0.5,0.5,2643,2655,0.6215051838774096,2.0462766745610317e-05,0.6939333333333333
Georgia (EV: 16),2020-11-05 21:05:33.368000,Trump,Biden,2438206,2425441,12765,49969,3,0.0,1.0,2643,2655,0.621484721110664,-2.2344960161957417e-05,0.694
Georgia (EV: 16),2020-11-05 20:55:45.764000,Trump,Biden,2438206,2425438,12768,49972,0,0,0,2643,2655,0.621507066070826,-0.021592272738071183,0.694
Georgia (EV: 16),2020-11-05 20:40:29.018000,Trump,Biden,2438206,2425438,12768,42747,48,0.5416666666666667,0.4583333333333333,2643,2655,0.6430993388088971,0.011485633659512273,0.694
Georgia (EV: 16),2020-11-05 20:32:32.024000,Trump,Biden,2438181,2425417,12764,46294,3590,0.4901114206128133,0.5098885793871867,2643,2655,0.6316137051493849,-0.006735426607443973,0.6945
Georgia (EV: 16),2020-11-05 20:23:39.229000,Trump,Biden,2436443,2423608,12835,44383,0,0,0,2643,2655,0.6383491317568288,-0.09273992915953366,0.7265666666666667
Georgia (EV: 16),2020-11-05 20:15:28.984000,Trump,Biden,2436443,2423608,12835,27040,0,0,0,2643,2655,0.7310890609163625,-0.013076128250073982,0.7265666666666667
Georgia (EV: 16),2020-11-05 20:14:01.606000,Trump,Biden,2436443,2423608,12835,25628,0,0,0,2643,2655,0.7441651891664365,0.031852340015394054,0.7265666666666667
Georgia (EV: 16),2020-11-05 20:05:59.039000,Trump,Biden,2436443,2423608,12835,29363,19,0.6842105263157895,0.3157894736842105,2643,2655,0.7123128491510424,-0.033664393068947196,0.7265666666666667
Georgia (EV: 16),2020-11-05 20:01:34.938000,Trump,Biden,2436430,2423602,12828,25430,0,0,0,2643,2655,0.7459772422199896,0.10634959971188307,0.7268666666666667
Georgia (EV: 16),2020-11-05 19:45:41.212000,Trump,Biden,2436430,2423602,12828,43970,3,1.0,0.0,2643,2655,0.6396276425081066,4.548991787989287e-05,0.7268666666666667
Georgia (EV: 16),2020-11-05 19:37:18.729000,Trump,Biden,2436420,2423595,12825,43973,586,0.16296928327645055,0.8370307167235495,2643,2655,0.6395821525902267,-0.0025142892688981844,0.7269333333333333
Georgia (EV: 16),2020-11-05 19:21:26.906000,Trump,Biden,2436327,2423107,13220,44559,1,1.0,0.0,2643,2655,0.6420964418591248,1.4551149185804135e-05,0.7258
Georgia (EV: 16),2020-11-05 19:12:36.957000,Trump,Biden,2436326,2423107,13219,44560,939,0.33226837060702874,0.6677316293929713,2643,2655,0.642081890709939,-0.0004018967110790417,0.7258333333333333
Georgia (EV: 16),2020-11-05 18:50:48.460000,Trump,Biden,2436027,2422493,13534,45499,46,0.4347826086956522,0.5652173913043478,2643,2655,0.6424837874210181,8.440382543983826e-05,0.7293
Georgia (EV: 16),2020-11-05 17:52:38.333000,Trump,Biden,2436007,2422467,13540,45545,1,1.0,0.0,2643,2655,0.6423993835955782,1.4242787713558691e-05,0.7296333333333334
Georgia (EV: 16),2020-11-05 17:48:22.743000,Trump,Biden,2436006,2422467,13539,45546,796,0.1476130653266332,0.8523869346733668,2643,2655,0.6423851408078647,-0.003499561905584203,0.7296333333333334
Georgia (EV: 16),2020-11-05 17:16:26.913000,Trump,Biden,2435892,2421792,14100,46342,3805,0.41261498028909327,0.5873850197109067,2643,2655,0.6458847027134489,0.004910960107905704,0.7277
Georgia (EV: 16),2020-11-05 16:46:27.422000,Trump,Biden,2434354,2419589,14765,50147,219,0.2899543378995434,0.7100456621004566,2643,2655,0.6409737426055432,-0.0002732159973573012,0.7555666666666667
Georgia (EV: 16),2020-11-05 16:43:40.593000,Trump,Biden,2434292,2419435,14857,50366,0,0,0,2643,2655,0.6412469586029005,0.07869840864147482,0.7564666666666666
Georgia (EV: 16),2020-11-05 16:37:47.993000,Trump,Biden,2434292,2419435,14857,107985,6130,0.23172920065252856,0.7682707993474714,2643,2655,0.5625485499614257,-0.017066896205911064,0.7564666666666666
Georgia (EV: 16),2020-11-05 16:26:02.704000,Trump,Biden,2432928,2414782,18146,105678,0,0,0,2643,2655,0.5796154461673367,0.022369412195657468,0.7602333333333333
Georgia (EV: 16),2020-11-05 15:53:50.011000,Trump,Biden,2432928,2414782,18146,142914,4,0.75,0.25,2643,2655,0.5572460339716793,8.778947176657503e-06,0.7602333333333333
Georgia (EV: 16),2020-11-05 15:46:20.816000,Trump,Biden,2432925,2414781,18144,142918,1199,0.3156797331109258,0.6843202668890742,2643,2655,0.5572372550245026,-0.0010049677849826022,0.7603
Georgia (EV: 16),2020-11-05 15:11:30.462000,Trump,Biden,2432552,2413966,18586,144117,0,0,0,2643,2655,0.5582422228094852,0.0060710566324454485,0.7649666666666667
Georgia (EV: 16),2020-11-05 14:50:38.384000,Trump,Biden,2432552,2413966,18586,159096,264,0.49242424242424243,0.5075757575757576,2643,2655,0.5521711661770398,8.373607278611139e-05,0.7649666666666667
Georgia (EV: 16),2020-11-05 14:10:28.150000,Trump,Biden,2432426,2413836,18590,159360,2,1.0,0.0,2643,2655,0.5520874301042537,7.009571648786128e-06,0.7675666666666666
Georgia (EV: 16),2020-11-05 13:45:38.021000,Trump,Biden,2432424,2413836,18588,159362,1364,0.5175953079178885,0.48240469208211145,2643,2655,0.5520804205326049,0.0006447669074274298,0.7676
Georgia (EV: 16),2020-11-05 10:55:01.682000,Trump,Biden,2431724,2413184,18540,160726,8468,0.23612423240434577,0.7638757675956542,2643,2655,0.5514356536251774,-0.010321269285075152,0.7821
Georgia (EV: 16),2020-11-05 06:12:22.978000,Trump,Biden,2429783,2406774,23009,169194,10461,0.2219195105630437,0.7780804894369563,2643,2655,0.5617569229102526,-0.010895810150974627,0.7773333333333333
Georgia (EV: 16),2020-11-05 05:24:38.547000,Trump,Biden,2427542,2398715,28827,182707,4344,0.16378913443830567,0.8362108655616943,2643,2655,0.5726527330612272,-0.005979928000047652,0.7545333333333333
Georgia (EV: 16),2020-11-05 04:22:05.599000,Trump,Biden,2426877,2395129,31748,187051,0,0,0,2643,2655,0.5786326610612749,0.0,0.7400666666666667
Georgia (EV: 16),2020-11-05 03:57:56.031000,Trump,Biden,2426877,2395129,31748,187051,0,0,0,2605,2655,0.5786326610612749,0.0,0.7400666666666667
Georgia (EV: 16),2020-11-05 03:53:56.881000,Trump,Biden,2426877,2395129,31748,187051,0,0,0,2575,2655,0.5786326610612749,0.0,0.7400666666666667
Georgia (EV: 16),2020-11-05 03:53:39.589000,Trump,Biden,2426877,2395129,31748,187051,0,0,0,2572,2655,0.5786326610612749,0.0,0.7400666666666667
Georgia (EV: 16),2020-11-05 03:49:40.100000,Trump,Biden,2426877,2395129,31748,187051,0,0,0,2557,2655,0.5786326610612749,0.0,0.7400666666666667
Georgia (EV: 16),2020-11-05 03:41:08.025000,Trump,Biden,2426877,2395129,31748,187051,3128,0.2519181585677749,0.7480818414322251,2555,2655,0.5786326610612749,-0.002683826932630362,0.7400666666666667
Georgia (EV: 16),2020-11-05 03:11:54.084000,Trump,Biden,2426105,2392805,33300,190179,6682,0.19904220293325348,0.8009577970667465,2555,2655,0.5813164879939052,-0.007244157086799707,0.7085333333333333
Georgia (EV: 16),2020-11-05 02:58:35.521000,Trump,Biden,2424819,2387497,37322,196861,-1366,0.5175695461200586,0.48243045387994143,2555,2655,0.5885606450807049,-0.0007854298657969938,0.6805
Georgia (EV: 16),2020-11-05 02:51:15.131000,Trump,Biden,2425519,2388149,37370,195495,-3242,0.7507711289327575,0.24922887106724245,2555,2655,0.5893460749465019,-0.005844078394482755,0.7248333333333333
Georgia (EV: 16),2020-11-05 02:19:13.643000,Trump,Biden,2427950,2388954,38996,192253,1414,0.17291371994342286,0.8270862800565771,2555,2655,0.5951901533409847,-0.001649427023956096,0.6665666666666666
Georgia (EV: 16),2020-11-05 02:03:34.937000,Trump,Biden,2427723,2387802,39921,193667,423,0.6300236406619386,0.36997635933806144,2554,2655,0.5968395803649408,0.01749065596297872,0.6647333333333333
Georgia (EV: 16),2020-11-05 01:59:02.457000,Trump,Biden,2427449,2387638,39811,232602,0,0,0,2554,2655,0.5793489244019621,0.009744433899939065,0.6706333333333333
Georgia (EV: 16),2020-11-05 01:34:39.911000,Trump,Biden,2427449,2387638,39811,262491,10,0.19999999999999996,0.8,2554,2655,0.569604490502023,-8.52688535601942e-06,0.6706333333333333
Georgia (EV: 16),2020-11-05 01:28:06.762000,Trump,Biden,2427447,2387630,39817,262501,14511,0.2872648335745297,0.7127351664254703,2554,2655,0.569613017387379,-0.007201707664195811,0.6706333333333333
Georgia (EV: 16),2020-11-05 01:16:26.657000,Trump,Biden,2423518,2377527,45991,277012,261,0.5957854406130267,0.4042145593869732,2554,2655,0.5768147250515748,0.00016935731818423783,0.6959
Georgia (EV: 16),2020-11-05 01:07:02.270000,Trump,Biden,2423359,2377418,45941,277273,0,0,0,2554,2655,0.5766453677333906,-0.0014204544672945518,0.6986
Georgia (EV: 16),2020-11-05 01:00:02.101000,Trump,Biden,2423359,2377418,45941,272599,752,0.4022606382978723,0.5977393617021277,2554,2655,0.5780658222006851,-3.909331751661416e-05,0.6986
Georgia (EV: 16),2020-11-05 00:55:32.963000,Trump,Biden,2423071,2376983,46088,273351,2796,0.18902002861230327,0.8109799713876967,2554,2655,0.5781049155182018,-0.0022990724975870958,0.7016333333333333
Georgia (EV: 16),2020-11-05 00:44:49.776000,Trump,Biden,2422579,2374752,47827,276147,6580,0.5544072948328267,0.44559270516717325,2553,2655,0.5804039880157889,0.003278496208893422,0.693
Georgia (EV: 16),2020-11-05 00:20:56.454000,Trump,Biden,2418987,2371876,47111,282727,16690,0.2115638106650689,0.7884361893349311,2553,2655,0.5771254918068954,-0.011434745875539276,0.7436
Georgia (EV: 16),2020-11-05 00:16:49.306000,Trump,Biden,2415564,2358825,56739,299417,1610,0.3363354037267081,0.6636645962732919,2540,2655,0.5885602376824347,-0.017932865329630343,0.6647
Georgia (EV: 16),2020-11-05 00:01:09.679000,Trump,Biden,2415040,2357774,57266,254108,0,0,0,2540,2655,0.606493103012065,-0.003010790994783963,0.6638
Georgia (EV: 16),2020-11-04 23:59:26.275000,Trump,Biden,2415040,2357774,57266,247495,0,0,0,2540,2655,0.609503894006849,-0.04703048245562469,0.6638
Georgia (EV: 16),2020-11-04 23:14:43.498000,Trump,Biden,2415040,2357774,57266,175963,518,0.3735521235521235,0.6264478764478765,2540,2655,0.6565343764624737,0.00010558066677046618,0.6638
Georgia (EV: 16),2020-11-04 23:01:02.939000,Trump,Biden,2414854,2357457,57397,176481,7324,0.2814718732932824,0.7185281267067176,2540,2655,0.6564287957957032,-0.002226318530761273,0.6641333333333334
Georgia (EV: 16),2020-11-04 22:54:27.393000,Trump,Biden,2412830,2352232,60598,183805,24030,0.353391593841032,0.646608406158968,2540,2655,0.6586551143264645,0.0021034608064492977,0.64
Georgia (EV: 16),2020-11-04 22:44:27.984000,Trump,Biden,2404510,2336866,67644,207835,1128,0.18129432624113473,0.8187056737588653,2515,2655,0.6565516535200152,-0.0008437199285917796,0.6776666666666666
Georgia (EV: 16),2020-11-04 22:27:15.940000,Trump,Biden,2404321,2335958,68363,208963,4,0.5,0.5,2514,2655,0.657395373448607,3.1363025659869592e-06,0.6665666666666666
Georgia (EV: 16),2020-11-04 22:12:35.528000,Trump,Biden,2404319,2335956,68363,208967,1366,0.5175695461200586,0.48243045387994143,2514,2655,0.657392237146041,0.0011767289514412749,0.6665666666666666
Georgia (EV: 16),2020-11-04 21:55:46.318000,Trump,Biden,2403619,2335304,68315,210333,1638,0.6120268620268621,0.387973137973138,2514,2655,0.6562155081945997,0.002120109656971736,0.6684
Georgia (EV: 16),2020-11-04 21:45:13.182000,Trump,Biden,2402629,2334681,67948,211971,16952,0.21425200566304858,0.7857479943369514,2513,2655,0.654095398537628,-0.00929154602758031,0.6798666666666666
Georgia (EV: 16),2020-11-04 21:37:45.330000,Trump,Biden,2399103,2321467,77636,228923,575,0.5782608695652174,0.4217391304347826,2513,2655,0.6633869445652083,0.0006249142217710224,0.6556
Georgia (EV: 16),2020-11-04 21:29:17.571000,Trump,Biden,2398755,2321209,77546,229498,691,0.1801736613603473,0.8198263386396527,2513,2655,0.6627620303434373,-0.00045422479857926135,0.6633333333333333
Georgia (EV: 16),2020-11-04 21:12:19.926000,Trump,Biden,2398641,2320653,77988,230189,343,0.5306122448979591,0.46938775510204084,2513,2655,0.6632162551420165,0.0002971974257398591,0.6575333333333333
Georgia (EV: 16),2020-11-04 20:53:17.620000,Trump,Biden,2398463,2320496,77967,230532,9984,0.4768629807692307,0.5231370192307693,2513,2655,0.6629190577162767,0.006061591026475077,0.6584333333333333
Georgia (EV: 16),2020-11-04 20:48:16.492000,Trump,Biden,2393752,2315323,78429,240516,11,0.7727272727272727,0.22727272727272727,2510,2655,0.6568574666898016,2.2355209866153913e-05,0.7551
Georgia (EV: 16),2020-11-04 20:37:49.641000,Trump,Biden,2393732,2315309,78423,240527,1,0.0,1.0,2510,2655,0.6568351114799355,-1.3996896623957866e-06,0.7553666666666666
Georgia (EV: 16),2020-11-04 20:14:42.157000,Trump,Biden,2393732,2315308,78424,240528,4905,0.3893985728848114,0.6106014271151886,2510,2655,0.6568365111695978,0.0010437684236909162,0.7553666666666666
Georgia (EV: 16),2020-11-04 19:44:32.496000,Trump,Biden,2391871,2312362,79509,245433,5924,0.17741390952059422,0.8225860904794058,2508,2655,0.6557927427459069,-0.003788266300144949,0.7977333333333333
Georgia (EV: 16),2020-11-04 19:36:47.711000,Trump,Biden,2390871,2307540,83331,251357,811,0.657213316892725,0.34278668310727495,2506,2655,0.6595810090460519,0.0010387276215817476,0.8070333333333334
Georgia (EV: 16),2020-11-04 19:33:35.022000,Trump,Biden,2390343,2307267,83076,252168,80,0.50625,0.49375,2506,2655,0.6585422814244701,5.401254126968791e-05,0.8189666666666666
Georgia (EV: 16),2020-11-04 19:28:48.570000,Trump,Biden,2390304,2307229,83075,252248,291,0.45360824742268047,0.5463917525773195,2506,2655,0.6584882688832004,0.00013666907582865484,0.8197
Georgia (EV: 16),2020-11-04 19:13:03.482000,Trump,Biden,2390172,2307070,83102,252539,499,0.6152304609218437,0.3847695390781563,2506,2655,0.6583515998073718,0.0005519316258215667,0.8218666666666666
Georgia (EV: 16),2020-11-04 18:40:57.265000,Trump,Biden,2389867,2306880,82987,253038,4131,0.15528927620430888,0.8447107237956911,2506,2655,0.6577996681815502,-0.0029056409769385727,0.8283
Georgia (EV: 16),2020-11-04 17:57:21.547000,Trump,Biden,2389263,2303428,85835,257169,2376,0.1757154882154882,0.8242845117845118,2504,2655,0.6607053091584888,-0.0014431942942096931,0.8180656610470275
Georgia (EV: 16),2020-11-04 17:44:28.196000,Trump,Biden,2388871,2301495,87376,259545,2438,0.4505742411812962,0.5494257588187038,2503,2655,0.6621485034526985,0.0011049056034335702,0.8175123066785535
Georgia (EV: 16),2020-11-04 17:41:18.740000,Trump,Biden,2387795,2300178,87617,261983,247,0.5182186234817814,0.4817813765182186,2503,2655,0.6610435978492649,0.00017414611252375423,0.8454689439664398
Georgia (EV: 16),2020-11-04 17:16:47.676000,Trump,Biden,2387671,2300063,87608,262230,19244,0.1303003533568905,0.8696996466431095,2503,2655,0.6608694517367412,-0.013849500451466934,0.8493553690404084
Georgia (EV: 16),2020-11-04 16:37:07.239000,Trump,Biden,2385255,2283418,101837,281474,3290,0.22902735562310028,0.7709726443768997,2493,2655,0.6747189521882081,-0.0010396304001916157,0.7483204134366925
Georgia (EV: 16),2020-11-04 16:35:11.828000,Trump,Biden,2384517,2280897,103620,284764,502,0.41533864541832666,0.5846613545816733,2493,2655,0.6757585825883997,0.0001711033846101273,0.6206896551724138
Georgia (EV: 16),2020-11-04 14:15:56.618000,Trump,Biden,2384312,2280607,103705,285266,78,0.14743589743589747,0.8525641025641025,2493,2655,0.6755874792037896,-4.669136325974321e-05,0.8461538461538461
Georgia (EV: 16),2020-11-04 13:28:22.084000,Trump,Biden,2384301,2280541,103760,285344,0,0,0,2493,2655,0.6756341705670493,0.6756341705670493,
North Carolina (EV: 15),2020-11-05 18:03:08.899000,Trump,Biden,2732120,2655383,76737,190621,2233,0.5,0.5,2425,2662,0.6944791853465616,0.0021288599266852115,0.49977487618190003
North Carolina (EV: 15),2020-11-05 16:46:27.422000,Trump,Biden,2732120,2655383,76737,192854,1989,0.5,0.5,2424,2662,0.6923503254198764,0.0018511178125230066,0.4997736532367587
North Carolina (EV: 15),2020-11-05 01:02:56.314000,Trump,Biden,2732120,2655383,76737,194843,0,0,0,2423,2662,0.6904992076073534,-0.0008720015696070949,0.5
North Carolina (EV: 15),2020-11-04 21:41:50.861000,Trump,Biden,2732120,2655383,76737,193984,220,0.5,0.5,2423,2662,0.6913712091769605,0.00020416729416861124,0.5
North Carolina (EV: 15),2020-11-04 13:28:22.084000,Trump,Biden,2732120,2655383,76737,194204,0,0,0,2423,2662,0.6911670418827919,0.6911670418827919,
Nevada (EV: 6),2020-11-05 18:24:54.828000,Biden,Trump,604251,592813,11438,146757,15,0.5,0.5,1764,1993,0.5286336002123735,0.005913964435211416,0.4355792765841719
Nevada (EV: 6),2020-11-05 18:03:08.899000,Biden,Trump,604251,592813,11438,173045,913,0.3088718510405257,0.6911281489594743,1619,1993,0.5227196357771621,-0.0006893047383397244,0.4355294037617768
Nevada (EV: 6),2020-11-05 17:32:18.066000,Biden,Trump,603807,592020,11787,173958,12189,0.5136598572483386,0.4863401427516613,1614,1993,0.5234089405155018,0.0028388123120314246,0.4273378264532435
Nevada (EV: 6),2020-11-05 17:21:28.630000,Biden,Trump,598005,586551,11454,186147,1019,0.33464180569185475,0.6653581943081452,1614,1993,0.5205701282034704,-0.0007564492595479866,0.38321369409166206
Nevada (EV: 6),2020-11-05 17:16:26.913000,Biden,Trump,597703,585912,11791,187166,995,0.37386934673366834,0.6261306532663317,1610,1993,0.5213265774630184,-0.000510255539881932,0.3643979057591623
Nevada (EV: 6),2020-11-05 17:12:52.812000,Biden,Trump,597353,585311,12042,188161,0,0,0,1610,1993,0.5218368330029003,0.0,0.34616730836541826
Nevada (EV: 6),2020-11-05 17:09:07.250000,Biden,Trump,597353,585311,12042,188161,14285,0.6538326916345818,0.34616730836541826,1729,1993,0.5218368330029003,0.013034017643652307,0.34616730836541826
Nevada (EV: 6),2020-11-04 16:35:11.828000,Biden,Trump,588252,580605,7647,202446,0,0,0,1610,1993,0.508802815359248,1.090881648024844e-05,
Nevada (EV: 6),2020-11-04 13:28:22.084000,Biden,Trump,588252,580605,7647,202563,0,0,0,1610,1993,0.5087919065427677,0.5087919065427677,
Pennsylvania (EV: 20),2020-11-06 13:52:37.632000,Biden,Trump,3295304,3289717,5587,145043,31412,0.8762256462498408,0.12377435375015917,8450,9128,0.5128584106584135,-0.031872537522652955,0.12377435375015917
Pennsylvania (EV: 20),2020-11-06 13:15:23.381000,Trump,Biden,3285957,3267908,18049,176455,0,0,0,8385,9128,0.5447309481810665,0.0075986917247004016,0.7997
Pennsylvania (EV: 20),2020-11-06 12:55:44.393000,Trump,Biden,3285957,3267908,18049,207247,0,0,0,8385,9128,0.5371322564563661,0.010270442410941993,0.7997
Pennsylvania (EV: 20),2020-11-06 12:48:04.678000,Trump,Biden,3285957,3267908,18049,271216,27,0.537037037037037,0.46296296296296297,8385,9128,0.5268618140454241,0.0005362019622728864,0.7997
Pennsylvania (EV: 20),2020-11-06 12:23:27.025000,Trump,Biden,3285943,3267896,18047,275628,-280,0.825,0.175,8385,9128,0.5263256120831512,-0.0003636005158578204,0.8065666666666667
Pennsylvania (EV: 20),2020-11-06 06:30:57.892000,Trump,Biden,3286171,3267942,18229,275348,5878,0.13023137121469885,0.8697686287853011,8385,9128,0.526689212599009,-0.007037061087493912,0.8001
Pennsylvania (EV: 20),2020-11-06 05:05:06.029000,Trump,Biden,3285445,3262869,22576,281226,5549,0.3759235898360065,0.6240764101639935,8372,9128,0.5337262736865029,-0.0016234784146873515,0.7864333333333333
Pennsylvania (EV: 20),2020-11-06 04:51:40.651000,Trump,Biden,3283390,3259437,23953,286775,1254,0.28827751196172247,0.7117224880382775,8372,9128,0.5353497521011903,-0.0007392733102795646,0.8068
Pennsylvania (EV: 20),2020-11-06 04:29:30.258000,Trump,Biden,3283032,3258548,24484,288029,3865,0.2626131953428201,0.7373868046571799,8371,9128,0.5360890254114699,-0.0025814198351635786,0.8072333333333334
Pennsylvania (EV: 20),2020-11-06 03:45:43.783000,Trump,Biden,3282048,3255729,26319,291894,13909,0.1314256955927816,0.8685743044072184,8366,9128,0.5386704452466334,-0.014713339151774862,0.8052
Pennsylvania (EV: 20),2020-11-06 03:33:20.409000,Trump,Biden,3280308,3243736,36572,305803,8046,0.20587869748943577,0.7941213025105642,8338,9128,0.5533837843984083,-0.006006195742952469,0.7369333333333333
Pennsylvania (EV: 20),2020-11-06 03:16:43.516000,Trump,Biden,3278696,3237391,41305,313849,2431,0.32784862196626907,0.6721513780337309,8328,9128,0.5593899801413608,-0.0008179270544126371,0.7063
Pennsylvania (EV: 20),2020-11-06 02:37:26.682000,Trump,Biden,3277918,3235776,42142,316280,15150,0.27848184818481847,0.7215181518151815,8326,9128,0.5602079071957734,-0.007079401147779385,0.7129333333333333
Pennsylvania (EV: 20),2020-11-06 02:07:55.159000,Trump,Biden,3273789,3224935,48854,331430,4035,0.2748451053283767,0.7251548946716233,8316,9128,0.5672873083435528,-0.0018203394340104984,0.7228333333333333
Pennsylvania (EV: 20),2020-11-06 01:52:07.763000,Trump,Biden,3272697,3222026,50671,335465,7474,0.32940861653732945,0.6705913834626706,8309,9128,0.5691076477775633,-0.0020703909575199297,0.7151
Pennsylvania (EV: 20),2020-11-06 01:44:07.375000,Trump,Biden,3270273,3217052,53221,342939,0,0,0,8298,9128,0.5711780387350832,0.0011150723607276092,0.753
Pennsylvania (EV: 20),2020-11-06 01:33:55.993000,Trump,Biden,3270273,3217052,53221,347939,9975,0.2461152882205514,0.7538847117794486,8298,9128,0.5700629663743556,-0.00494041591811778,0.753
Pennsylvania (EV: 20),2020-11-06 01:26:00.010000,Trump,Biden,3267857,3209571,58286,357914,4130,0.20157384987893467,0.7984261501210653,8298,9128,0.5750033822924734,-0.0024752796906499785,0.7736333333333333
Pennsylvania (EV: 20),2020-11-06 01:22:40.311000,Trump,Biden,3267050,3206299,60751,362044,8867,0.332299537611368,0.667700462388632,8293,9128,0.5774786619831234,-0.002007389709138052,0.7699666666666667
Pennsylvania (EV: 20),2020-11-06 00:55:18.438000,Trump,Biden,3264187,3200462,63725,370911,936,0.21100427350427353,0.7889957264957265,8287,9128,0.5794860516922614,-0.0005111394964192328,0.7778333333333334
Pennsylvania (EV: 20),2020-11-06 00:35:53.742000,Trump,Biden,3263995,3199729,64266,371847,545,0.5266055045871559,0.47339449541284406,8286,9128,0.5799971911886806,0.00012989454019618485,0.7739333333333334
Pennsylvania (EV: 20),2020-11-06 00:11:13.094000,Trump,Biden,3263944,3199707,64237,372392,12480,0.12451923076923077,0.8754807692307692,8284,9128,0.5798672966484845,-0.009379854931933274,0.7774
Pennsylvania (EV: 20),2020-11-05 23:59:07.363000,Trump,Biden,3262477,3188868,73609,384872,205,0.6048780487804878,0.3951219512195122,8258,9128,0.5892471515804177,0.00010678870020508491,0.6891333333333334
Pennsylvania (EV: 20),2020-11-05 23:51:41.200000,Trump,Biden,3262354,3188788,73566,385077,4634,0.29920155373327584,0.7007984462667242,8258,9128,0.5891403628802127,-0.0012210458202572827,0.6909666666666666
Pennsylvania (EV: 20),2020-11-05 23:30:04.892000,Trump,Biden,3260796,3185369,75427,389711,4416,0.1731204710144928,0.8268795289855072,8254,9128,0.5903614087004699,-0.002577340130102468,0.6852
Pennsylvania (EV: 20),2020-11-05 23:25:57.686000,Trump,Biden,3260054,3181740,78314,394127,405,0.5,0.5,8230,9128,0.5929387488305724,7.13511799722566e-05,0.6611
Pennsylvania (EV: 20),2020-11-05 22:53:30.574000,Trump,Biden,3260054,3181740,78314,394532,35858,0.3366752189190697,0.6633247810809303,8229,9128,0.5928673976506001,-0.0053384100633100395,0.6633387249707179
Pennsylvania (EV: 20),2020-11-05 22:45:37.954000,Trump,Biden,3248210,3158183,90027,430390,1333,0.3068267066766691,0.6931732933233309,8196,9128,0.5982058077139102,-0.0002732870665312914,0.6988666666666666
Pennsylvania (EV: 20),2020-11-05 22:15:13.564000,Trump,Biden,3247808,3157266,90542,431723,12,0.5,0.5,8195,9128,0.5984790947804415,2.9264039292931088e-06,0.7049666666666666
Pennsylvania (EV: 20),2020-11-05 21:53:18.781000,Trump,Biden,3247802,3157260,90542,431735,13957,0.3162928996202622,0.6837071003797378,8195,9128,0.5984761683765122,-0.002464609071138768,0.7051
Pennsylvania (EV: 20),2020-11-05 21:45:23.890000,Trump,Biden,3243447,3147777,95670,445692,6636,0.38291139240506333,0.6170886075949367,8186,9128,0.600940777447651,-0.0001395877755226982,0.7170666666666666
Pennsylvania (EV: 20),2020-11-05 21:29:17.300000,Trump,Biden,3240925,3143701,97224,452328,1830,0.31311475409836065,0.6868852459016394,8177,9128,0.6010803652231737,-0.0003191150616462801,0.7194333333333334
Pennsylvania (EV: 20),2020-11-05 21:21:19.035000,Trump,Biden,3240358,3142450,97908,454158,86,0.5465116279069768,0.45348837209302323,8175,9128,0.6013994802848199,2.8834373733244156e-05,0.7196666666666667
Pennsylvania (EV: 20),2020-11-05 21:13:32.296000,Trump,Biden,3240314,3142414,97900,454244,0,0,0,8175,9128,0.6013706459110867,0.0056214301798865884,0.7203666666666667
Pennsylvania (EV: 20),2020-11-05 21:05:33.368000,Trump,Biden,3240314,3142414,97900,479244,13746,0.1697221009748291,0.8302778990251709,8175,9128,0.5957492157312001,-0.006359312937369466,0.7203666666666667
Pennsylvania (EV: 20),2020-11-05 20:48:22.279000,Trump,Biden,3238057,3131077,106980,492990,4486,0.3454079358002675,0.6545920641997325,8168,9128,0.6021085286685696,-0.0004066016592322308,0.6546333333333333
Pennsylvania (EV: 20),2020-11-05 20:40:29.018000,Trump,Biden,3236478,3128111,108367,497476,942,0.3752653927813163,0.6247346072186837,8160,9128,0.6025151303278018,-3.0123296850259607e-05,0.6829333333333333
Pennsylvania (EV: 20),2020-11-05 20:15:28.984000,Trump,Biden,3236132,3127530,108602,498418,34,0.6470588235294117,0.35294117647058826,8159,9128,0.602545253624652,1.749620402502483e-05,0.6898333333333333
Pennsylvania (EV: 20),2020-11-05 20:01:34.938000,Trump,Biden,3236110,3127518,108592,498452,3862,0.47669601242879334,0.5233039875712067,8159,9128,0.602527757420627,0.000624906507506573,0.6904
Pennsylvania (EV: 20),2020-11-05 19:37:18.729000,Trump,Biden,3234509,3125737,108772,502314,3349,0.3533890713645864,0.6466109286354136,8155,9128,0.6019028509131205,-0.0002537970181636373,0.7333333333333333
Pennsylvania (EV: 20),2020-11-05 19:32:33.174000,Trump,Biden,3233346,3123592,109754,505663,4226,0.308920965451964,0.691079034548036,8153,9128,0.6021566479312841,-0.0006839961363362956,0.7627333333333334
Pennsylvania (EV: 20),2020-11-05 19:29:35.211000,Trump,Biden,3232066,3120697,111369,509889,0,0,0,8147,9128,0.6028406440676204,-8.0806373171316e-05,0.7936
Pennsylvania (EV: 20),2020-11-05 19:12:36.957000,Trump,Biden,3232066,3120697,111369,509512,4515,0.20741971207087484,0.7925802879291252,8147,9128,0.6029214504407917,-0.0016081969386012585,0.7936
Pennsylvania (EV: 20),2020-11-05 18:24:54.828000,Trump,Biden,3231147,3117136,114011,514027,2451,0.43268053855569155,0.5673194614443084,8147,9128,0.604529647379393,0.0002062104252403829,0.8110333333333334
Pennsylvania (EV: 20),2020-11-05 18:15:33.270000,Trump,Biden,3230106,3115765,114341,516478,3076,0.38166449934980495,0.618335500650195,8144,9128,0.6043234369541526,-4.43766151956293e-05,0.8328666666666666
Pennsylvania (EV: 20),2020-11-05 17:21:28.630000,Trump,Biden,3228946,3113877,115069,519554,3003,0.3076923076923077,0.6923076923076923,8139,9128,0.6043678135693482,-0.00046048490186056945,0.8470333333333333
Pennsylvania (EV: 20),2020-11-05 17:02:19.461000,Trump,Biden,3227988,3111764,116224,522557,8193,0.15629195654827288,0.8437080434517271,8135,9128,0.6048282984712088,-0.0035868906538994993,0.8524666666666667
Pennsylvania (EV: 20),2020-11-05 16:59:05.814000,Trump,Biden,3226746,3104890,121856,530750,67,0.4925373134328358,0.5074626865671642,8126,9128,0.6084151891251083,1.798018047927119e-05,0.8259
Pennsylvania (EV: 20),2020-11-05 16:49:58.388000,Trump,Biden,3226685,3104828,121857,530817,13114,0.0899801738599969,0.9100198261400031,8126,9128,0.608397208944629,-0.0071174924611819845,0.8264333333333334
Pennsylvania (EV: 20),2020-11-05 16:43:40.593000,Trump,Biden,3225585,3092974,132611,543931,4507,0.16552030175282895,0.834479698247171,8098,9128,0.615514701405811,-0.0016772515587507586,0.788
Pennsylvania (EV: 20),2020-11-05 16:08:12.562000,Trump,Biden,3224422,3088796,135626,548438,73,0.1917808219178082,0.8082191780821918,8095,9128,0.6171919529645618,-2.449051133479596e-05,0.7882666666666667
Pennsylvania (EV: 20),2020-11-05 15:26:46.982000,Trump,Biden,3224408,3088737,135671,548511,554,0.5144404332129964,0.4855595667870036,8095,9128,0.6172164434758965,0.00013881853873354277,0.7883333333333333
Pennsylvania (EV: 20),2020-11-05 15:12:31.777000,Trump,Biden,3224130,3088475,135655,549065,103,0.27184466019417475,0.7281553398058253,8095,9128,0.617077624937163,-1.983141872619054e-05,0.7948
Pennsylvania (EV: 20),2020-11-05 15:11:30.462000,Trump,Biden,3224104,3088402,135702,549168,0,0,0,8095,9128,0.6170974563558892,0.008218342304783355,0.7951666666666667
Pennsylvania (EV: 20),2020-11-05 14:36:33.884000,Trump,Biden,3224104,3088402,135702,588300,13724,0.25357038764208684,0.7464296123579132,8095,9128,0.6088791140511058,-0.003054236983672798,0.7951666666666667
Pennsylvania (EV: 20),2020-11-05 14:20:44.814000,Trump,Biden,3221132,3078666,142466,602024,0,0,0,8084,9128,0.6119333510347786,0.0140092971775585,0.8363
Pennsylvania (EV: 20),2020-11-05 14:10:28.150000,Trump,Biden,3221132,3078666,142466,682876,32633,0.16371464468482821,0.8362853553151718,8084,9128,0.5979240538572201,-0.010575238487629313,0.8362700334017712
Pennsylvania (EV: 20),2020-11-05 04:22:05.599000,Trump,Biden,3215969,3051555,164414,715509,38652,0.26289713339542586,0.7371028666045741,8031,9128,0.6084992923448495,-0.0063197741659661855,0.737089930663355
Pennsylvania (EV: 20),2020-11-05 03:57:56.031000,Trump,Biden,3206410,3023667,182743,754161,1318,0.5690440060698028,0.4309559939301973,8000,9128,0.6148190665108156,0.0003318775156418985,0.7017
Pennsylvania (EV: 20),2020-11-05 03:53:39.589000,Trump,Biden,3205668,3023107,182561,755479,5743,0.34015323001915376,0.6598467699808462,7998,9128,0.6144871889951737,-0.0002593540037130193,0.7130666666666666
Pennsylvania (EV: 20),2020-11-05 03:16:30.149000,Trump,Biden,3203530,3019133,184397,761222,4549,0.24082215871620138,0.7591778412837986,7990,9128,0.6147465429988868,-0.0008206843449634071,0.7213
Pennsylvania (EV: 20),2020-11-05 02:47:23.734000,Trump,Biden,3202467,3015712,186755,765771,10173,0.29214587633932965,0.7078541236606704,7982,9128,0.6155672273438502,-0.0011275276149190772,0.7135333333333334
Pennsylvania (EV: 20),2020-11-05 02:26:44.708000,Trump,Biden,3199567,3008583,190984,775944,1285,-0.04319066147859929,1.0431906614785993,7973,9128,0.6166947549587692,-0.0006243426638653515,0.7273
Pennsylvania (EV: 20),2020-11-05 02:19:13.643000,Trump,Biden,3199189,3006809,192380,777229,440,0.5,0.5,7972,9128,0.6173190976226346,3.547815186155656e-05,0.7114333333333334
Pennsylvania (EV: 20),2020-11-05 02:03:34.937000,Trump,Biden,3199189,3006809,192380,777669,9413,0.3102092850313396,0.6897907149686604,7971,9128,0.617283619470773,-0.0008121380220327268,0.7139666666666666
Pennsylvania (EV: 20),2020-11-05 01:21:51.237000,Trump,Biden,3196465,3000512,195953,787082,10590,0.29192634560906516,0.7080736543909348,7958,9128,0.6180957574928058,-0.0011083367790668541,0.7085333333333333
Pennsylvania (EV: 20),2020-11-05 01:16:26.657000,Trump,Biden,3193432,2993072,200360,797672,0,0,0,7948,9128,0.6192040942718726,-0.00013160538604428673,0.6959666666666666
Pennsylvania (EV: 20),2020-11-05 01:07:02.270000,Trump,Biden,3193432,2993072,200360,796837,5612,0.20242337847469705,0.797576621525303,7948,9128,0.6193356996579169,-0.0012027045024640692,0.6959666666666666
Pennsylvania (EV: 20),2020-11-05 01:02:56.314000,Trump,Biden,3192337,2988637,203700,802449,217,0.31336405529953915,0.6866359447004609,7938,9128,0.620538404160381,-1.624120611487534e-05,0.6802
Pennsylvania (EV: 20),2020-11-05 00:55:32.963000,Trump,Biden,3192271,2988490,203781,802666,24511,0.32752641671086447,0.6724735832891355,7937,9128,0.6205546453664958,-0.0013231935503998926,0.6804
Pennsylvania (EV: 20),2020-11-05 00:44:49.776000,Trump,Biden,3184237,2972001,212236,827177,77985,0.28422132461370775,0.7157786753862923,7904,9128,0.6218778389168957,-0.007592602724851738,0.7157786753862923
Pennsylvania (EV: 20),2020-11-05 00:16:49.306000,Trump,Biden,3162910,2917019,245891,905162,19381,0.23770703266085347,0.7622929673391465,7818,9128,0.6294704416417475,-0.0026484394276276024,0.7548333333333334
Pennsylvania (EV: 20),2020-11-04 23:49:45.306000,Trump,Biden,3158410,2902352,256058,924543,21097,0.2588282694221927,0.7411717305778073,7805,9128,0.6321188810693751,-0.0022664421193246964,0.6778
Pennsylvania (EV: 20),2020-11-04 23:41:34.119000,Trump,Biden,3152933,2886699,266234,945640,3360,0.5830357142857143,0.41696428571428573,7787,9128,0.6343853231886998,0.0007900171414888524,0.6716333333333333
Pennsylvania (EV: 20),2020-11-04 23:28:04.977000,Trump,Biden,3151010,2885334,265676,949000,3197,0.33140444166406,0.66859555833594,7781,9128,0.6335953060472109,-9.446712136407243e-05,0.7103
Pennsylvania (EV: 20),2020-11-04 23:24:27.309000,Trump,Biden,3149961,2883207,266754,952197,2190,0.5232876712328767,0.4767123287671233,7777,9128,0.633689773168575,0.0003748546350399451,0.7215666666666667
Pennsylvania (EV: 20),2020-11-04 23:16:40.259000,Trump,Biden,3148829,2882177,266652,954387,4579,0.26042804105699935,0.7395719589430007,7776,9128,0.633314918533535,-0.0004767720900993311,0.7433
Pennsylvania (EV: 20),2020-11-04 23:14:43.498000,Trump,Biden,3147665,2878819,268846,958966,17642,0.26949892302460043,0.7305010769753996,7771,9128,0.6337916906236344,-0.0016313553332667485,0.7486333333333334
Pennsylvania (EV: 20),2020-11-04 23:01:02.939000,Trump,Biden,3143021,2866042,276979,976608,27630,0.2254976474846182,0.7745023525153818,7744,9128,0.6354230459569011,-0.0035802929282814366,0.7664
Pennsylvania (EV: 20),2020-11-04 22:54:27.393000,Trump,Biden,3136539,2844391,292148,1004238,1365,0.4032967032967033,0.5967032967032967,7713,9128,0.6390033388851826,0.0001074991818325044,0.6857666666666666
Pennsylvania (EV: 20),2020-11-04 22:44:27.984000,Trump,Biden,3135747,2843335,292412,1005603,16361,0.22575025976407315,0.7742497402359269,7712,9128,0.6388958397033501,-0.0020626477759051465,0.6905333333333333
Pennsylvania (EV: 20),2020-11-04 22:38:48.872000,Trump,Biden,3132158,2830772,301386,1021964,10527,0.40942338747981377,0.5905766125201862,7684,9128,0.6409584874792552,0.0005784806621613736,0.6798666666666666
Pennsylvania (EV: 20),2020-11-04 22:21:41.452000,Trump,Biden,3127925,2824632,303293,1032491,2306,0.5,0.5,7675,9128,0.6403800068170938,0.00013853188996637567,0.7377
Pennsylvania (EV: 20),2020-11-04 22:19:33.085000,Trump,Biden,3127925,2824632,303293,1034797,7256,0.15890297684674748,0.8410970231532525,7671,9128,0.6402414749271275,-0.001144473973985205,0.7573333333333333
Pennsylvania (EV: 20),2020-11-04 22:12:35.528000,Trump,Biden,3125552,2817309,308243,1042053,2056,0.5184824902723735,0.48151750972762647,7659,9128,0.6413859489011127,0.0002069216212940983,0.7143333333333334
Pennsylvania (EV: 20),2020-11-04 22:04:57.073000,Trump,Biden,3125226,2817059,308167,1044109,21949,0.2446352909016356,0.7553647090983644,7657,9128,0.6411790272798186,-0.0022204823261698925,0.7375666666666667
Pennsylvania (EV: 20),2020-11-04 22:01:03.811000,Trump,Biden,3120004,2800627,319377,1066058,0,0,0,7639,9128,0.6433995096059885,-0.0005051506267205186,0.7851333333333333
Pennsylvania (EV: 20),2020-11-04 21:55:46.318000,Trump,Biden,3120004,2800627,319377,1062475,0,0,0,7639,9128,0.643904660232709,-0.0003102970566681851,0.7851333333333333
Pennsylvania (EV: 20),2020-11-04 21:54:02.313000,Trump,Biden,3120004,2800627,319377,1060286,0,0,0,7639,9128,0.6442149572893772,-0.0009613537335159128,0.7851333333333333
Pennsylvania (EV: 20),2020-11-04 21:45:43.150000,Trump,Biden,3120004,2800627,319377,1053561,3278,0.42388651616839534,0.5761134838316047,7639,9128,0.6451763110228931,0.0002447983072771942,0.7851333333333333
Pennsylvania (EV: 20),2020-11-04 21:41:50.861000,Trump,Biden,3118571,2798695,319876,1056839,887,0.4689966178128523,0.5310033821871477,7634,9128,0.6449315127156159,0.00010052312780739481,0.802
Pennsylvania (EV: 20),2020-11-04 21:29:17.571000,Trump,Biden,3118163,2798232,319931,1057726,27598,0.1795963475614175,0.8204036524385825,7633,9128,0.6448309895878085,-0.004293082223152611,0.8047666666666666
Pennsylvania (EV: 20),2020-11-04 21:21:34.232000,Trump,Biden,3113332,2775716,337616,1085324,23395,0.37505877324214576,0.6249412267578542,7577,9128,0.6491240718109611,0.0006539337355613295,0.6525333333333333
Pennsylvania (EV: 20),2020-11-04 21:04:05.680000,Trump,Biden,3104658,2761196,343462,1108719,12427,0.24961776776374023,0.7503822322362598,7557,9128,0.6484701380753998,-0.0010599913866435884,0.7677
Pennsylvania (EV: 20),2020-11-04 20:58:39.936000,Trump,Biden,3101645,2751960,349685,1121146,8760,0.2631849315068493,0.7368150684931507,7547,9128,0.6495301294620434,-0.0006261369222823054,0.8595333333333334
Pennsylvania (EV: 20),2020-11-04 20:53:17.620000,Trump,Biden,3099391,2745557,353834,1129906,5527,0.26578614076352447,0.7342138592364755,7538,9128,0.6501562663843257,-0.00037529992189222483,0.9282666666666667
Pennsylvania (EV: 20),2020-11-04 20:48:16.492000,Trump,Biden,3097942,2741519,356423,1135433,24654,0.02792650279873443,0.9720734972012656,7531,9128,0.6505315663062179,-0.0067868551085105144,0.9406666666666667
Pennsylvania (EV: 20),2020-11-04 20:37:49.641000,Trump,Biden,3097942,2718242,379700,1160087,15540,0.20434362934362937,0.7956563706563706,7479,9128,0.6573184214147284,-0.0017461089416328512,0.7983
Pennsylvania (EV: 20),2020-11-04 20:23:38.149000,Trump,Biden,3094872,2705983,388889,1175627,16214,0.19880967065498956,0.8011903293450104,7451,9128,0.6590645303563613,-0.0018476756702705543,0.8486
Pennsylvania (EV: 20),2020-11-04 20:14:42.157000,Trump,Biden,3091753,2693097,398656,1191841,31489,0.09558893581885741,0.9044110641811426,7423,9128,0.6609122060266318,-0.005982022617524119,0.9044110641811426
Pennsylvania (EV: 20),2020-11-04 20:10:29.212000,Trump,Biden,3088227,2664102,424125,1223330,28498,0.3056179381009194,0.6943820618990806,7368,9128,0.6668942286441559,-0.0004782373809294471,0.6969333333333333
Pennsylvania (EV: 20),2020-11-04 20:06:10.353000,Trump,Biden,3079698,2644494,435204,1251828,197,0.4314720812182741,0.5685279187817259,7343,9128,0.6673724660250854,1.6787644782190192e-05,0.7726666666666666
Pennsylvania (EV: 20),2020-11-04 20:03:16.371000,Trump,Biden,3079613,2644382,435231,1252025,23686,0.2277294604407667,0.7722705395592333,7343,9128,0.6673556783803032,-0.0017578087433989253,0.7740666666666667
Pennsylvania (EV: 20),2020-11-04 19:47:46.988000,Trump,Biden,3073966,2625837,448129,1275711,6879,0.21914522459659835,0.7808547754034016,7310,9128,0.6691134871237021,-0.0005637237590987443,0.7197
Pennsylvania (EV: 20),2020-11-04 19:44:32.496000,Trump,Biden,3072500,2620507,451993,1282590,14117,0.2518240419352553,0.7481759580647447,7299,9128,0.6696772108828009,-0.0007800553244176056,0.696
Pennsylvania (EV: 20),2020-11-04 19:33:35.022000,Trump,Biden,3069017,2610017,459000,1296707,134,0.8171641791044776,0.1828358208955224,7286,9128,0.6704572662072185,5.095100854557444e-05,0.6891666666666667
Pennsylvania (EV: 20),2020-11-04 19:17:39.759000,Trump,Biden,3068909,2609994,458915,1296841,10555,0.3649928943628612,0.6350071056371388,7286,9128,0.6704063151986729,0.00034553947127125006,0.6912666666666667
Pennsylvania (EV: 20),2020-11-04 19:13:03.482000,Trump,Biden,3065085,2603320,461765,1307396,4397,0.29406413463725267,0.7059358653627473,7270,9128,0.6700607757274016,-9.64687196367553e-05,0.7053
Pennsylvania (EV: 20),2020-11-04 18:56:14.325000,Trump,Biden,3063810,2600234,463576,1311793,494,0.3643724696356275,0.6356275303643725,7264,9128,0.6701572444470384,1.5325541763200334e-05,0.7156333333333333
Pennsylvania (EV: 20),2020-11-04 18:40:57.265000,Trump,Biden,3063634,2599924,463710,1312287,1700,0.42500000000000004,0.575,7263,9128,0.6701419189052752,0.00013165808482640262,0.7179666666666666
Pennsylvania (EV: 20),2020-11-04 18:23:27.249000,Trump,Biden,3062922,2598957,463965,1313987,4754,0.22023559108119484,0.7797644089188052,7261,9128,0.6700102608204488,-0.0003565474106265176,0.7294
Pennsylvania (EV: 20),2020-11-04 18:15:15.698000,Trump,Biden,3061817,2595192,466625,1318741,4780,0.20732217573221756,0.7926778242677824,7255,9128,0.6703668082310753,-0.00041888201724371577,0.7288666666666667
Pennsylvania (EV: 20),2020-11-04 17:44:28.196000,Trump,Biden,3060862,2591439,469423,1323521,10854,0.3539708863091948,0.6460291136908052,7246,9128,0.670785690248319,0.0002811135937982323,0.7263
Pennsylvania (EV: 20),2020-11-04 17:41:18.740000,Trump,Biden,3056940,2584347,472593,1334375,155,0.4032258064516129,0.5967741935483871,7237,9128,0.6705045766545208,9.418581394804448e-06,0.7734666666666666
Pennsylvania (EV: 20),2020-11-04 17:24:40.785000,Trump,Biden,3056878,2584255,472623,1334530,219,0.5022831050228311,0.4977168949771689,7237,9128,0.670495158073126,2.9505410065189253e-05,0.7744333333333333
Pennsylvania (EV: 20),2020-11-04 17:16:47.676000,Trump,Biden,3056769,2584147,472622,1334749,35680,0.22354260089686095,0.776457399103139,7237,9128,0.6704656526630608,-0.00256048606840531,0.776457399103139
Pennsylvania (EV: 20),2020-11-04 17:04:21.985000,Trump,Biden,3048870,2556520,492350,1370429,15217,0.27755142275087075,0.7224485772491293,7193,9128,0.6730261387314661,-0.00046117960534874936,0.7178666666666667
Pennsylvania (EV: 20),2020-11-04 16:52:58.575000,Trump,Biden,3044696,2545576,499120,1385646,30,0.4833333333333333,0.5166666666666667,7181,9128,0.6734873183368149,3.485204761344285e-06,0.7009333333333333
Pennsylvania (EV: 20),2020-11-04 16:45:02.187000,Trump,Biden,3044682,2545561,499121,1385676,13349,0.28391639823207726,0.7160836017679227,7181,9128,0.6734838331320535,-0.00034009931705936136,0.7011
Pennsylvania (EV: 20),2020-11-04 16:41:26.635000,Trump,Biden,3040962,2536072,504890,1399025,20482,0.3109071379748072,0.6890928620251928,7169,9128,0.6738239324491129,-0.00012345443949424162,0.6674333333333333
Pennsylvania (EV: 20),2020-11-04 16:32:53.805000,Trump,Biden,3034722,2522086,512636,1419507,6321,0.47650688182249645,0.5234931181775035,7151,9128,0.6739473868886071,0.0007055657822733208,0.7523
Pennsylvania (EV: 20),2020-11-04 16:25:01.960000,Trump,Biden,3031700,2518767,512933,1425828,33898,0.18660392943536497,0.813396070564635,7140,9128,0.6732418211063338,-0.0030954874388249287,0.8133813204318839
Pennsylvania (EV: 20),2020-11-04 16:12:53.458000,Trump,Biden,3025570,2491390,534180,1459726,15030,0.28685961410512306,0.7131403858948769,7115,9128,0.6763373085451587,-0.0003025712283111215,0.6537333333333334
Pennsylvania (EV: 20),2020-11-04 16:03:50.679000,Trump,Biden,3021331,2480744,540587,1474756,556,0.49370503597122306,0.5062949640287769,7102,9128,0.6766398797734698,6.65553871748159e-05,0.5688666666666666
Pennsylvania (EV: 20),2020-11-04 16:01:30.816000,Trump,Biden,3021061,2480467,540594,1475312,4467,0.3994851130512649,0.6005148869487351,7102,9128,0.676573324386295,0.00025146560724831346,0.5695666666666667
Pennsylvania (EV: 20),2020-11-04 15:52:05.608000,Trump,Biden,3019296,2477804,541492,1479779,2761,0.2678377399492937,0.7321622600507063,7097,9128,0.6763218587790467,-9.057595861849954e-05,0.5611333333333334
Pennsylvania (EV: 20),2020-11-04 15:41:34.720000,Trump,Biden,3018569,2475795,542774,1482540,82554,0.45622865033796056,0.5437713496620394,7097,9128,0.6764124347376652,0.007371955069867875,0.5437774063037527
Pennsylvania (EV: 20),2020-11-04 15:25:43.020000,Trump,Biden,2981316,2431315,550001,1565094,44605,0.07790606434256253,0.9220939356574375,7035,9128,0.6690404796677973,-0.006799543328568469,0.9220939356574375
Pennsylvania (EV: 20),2020-11-04 15:17:08.834000,Trump,Biden,2977987,2390331,587656,1609699,4275,0.29988304093567253,0.7001169590643275,6943,9128,0.6758400229963658,-4.3693522372545424e-05,0.8171333333333334
Pennsylvania (EV: 20),2020-11-04 14:56:08.718000,Trump,Biden,2976718,2387351,589367,1613974,88,0.4147727272727273,0.5852272727272727,6938,9128,0.6758837165187384,5.324352360114304e-06,0.8367
Pennsylvania (EV: 20),2020-11-04 14:32:18.760000,Trump,Biden,2976682,2387300,589382,1614062,39561,0.16258436338818538,0.8374156366118146,6938,9128,0.6758783921663782,-0.0036822769614249795,0.8374156366118146
Pennsylvania (EV: 20),2020-11-04 14:23:44.006000,Trump,Biden,2970396,2354317,616079,1653623,4580,0.19858078602620088,0.8014192139737991,6905,9128,0.6795606691278032,-0.0003155502387405251,0.8013100436681223
Pennsylvania (EV: 20),2020-11-04 13:28:22.084000,Trump,Biden,2969504,2350664,618840,1658203,0,0,0,6905,9128,0.6798762193665437,0.6798762193665437,
